{
  "llm_enhanced_dpr": {
    "precision_at_1": 0.4147932173539639,
    "precision_at_5": 0.3276025946290808,
    "precision_at_10": 0.2233226580003479,
    "recall_at_1": 0.2857042779815166,
    "recall_at_5": 0.48809258046418824,
    "recall_at_10": 0.5523517841523171,
    "ndcg_at_1": 0.45904774600197246,
    "ndcg_at_5": 0.5372449552793093,
    "ndcg_at_10": 0.5562177556491479,
    "mrr": 0.42255676763561856,
    "map": 0.4235977819448719
  },
  "pretrain_ance": {
    "precision_at_1": 0.3779228935526838,
    "precision_at_5": 0.2968500392024227,
    "precision_at_10": 0.2154529885998382,
    "recall_at_1": 0.15926277776399775,
    "recall_at_5": 0.47130353516912443,
    "recall_at_10": 0.572019472266403,
    "ndcg_at_1": 0.4419947350799439,
    "ndcg_at_5": 0.4869659349623794,
    "ndcg_at_10": 0.4600735164715598,
    "mrr": 0.40251962977469,
    "map": 0.31702213630511533
  }
}